<?xml version="1.0" encoding="UTF-8" standalone="yes"?>
<?mso-application progid="Word.Document"?>
<pkg:package xmlns:pkg="http://schemas.microsoft.com/office/2006/xmlPackage"><pkg:part pkg:name="/_rels/.rels" pkg:contentType="application/vnd.openxmlformats-package.relationships+xml" pkg:padding="512"><pkg:xmlData><Relationships xmlns="http://schemas.openxmlformats.org/package/2006/relationships"><Relationship Id="rId3" Type="http://schemas.openxmlformats.org/officeDocument/2006/relationships/extended-properties" Target="docProps/app.xml"/><Relationship Id="rId2" Type="http://schemas.openxmlformats.org/package/2006/relationships/metadata/core-properties" Target="docProps/core.xml"/><Relationship Id="rId1" Type="http://schemas.openxmlformats.org/officeDocument/2006/relationships/officeDocument" Target="word/document.xml"/></Relationships></pkg:xmlData></pkg:part><pkg:part pkg:name="/word/_rels/document.xml.rels" pkg:contentType="application/vnd.openxmlformats-package.relationships+xml" pkg:padding="256"><pkg:xmlData><Relationships xmlns="http://schemas.openxmlformats.org/package/2006/relationships"><Relationship Id="rId3" Type="http://schemas.openxmlformats.org/officeDocument/2006/relationships/settings" Target="settings.xml"/><Relationship Id="rId2" Type="http://schemas.microsoft.com/office/2007/relationships/stylesWithEffects" Target="stylesWithEffects.xml"/><Relationship Id="rId1" Type="http://schemas.openxmlformats.org/officeDocument/2006/relationships/styles" Target="styles.xml"/><Relationship Id="rId6" Type="http://schemas.openxmlformats.org/officeDocument/2006/relationships/theme" Target="theme/theme1.xml"/><Relationship Id="rId5" Type="http://schemas.openxmlformats.org/officeDocument/2006/relationships/fontTable" Target="fontTable.xml"/><Relationship Id="rId4" Type="http://schemas.openxmlformats.org/officeDocument/2006/relationships/webSettings" Target="webSettings.xml"/></Relationships></pkg:xmlData></pkg:part><pkg:part pkg:name="/word/document.xml" pkg:contentType="application/vnd.openxmlformats-officedocument.wordprocessingml.document.main+xml"><pkg:xmlData><w:document mc:Ignorable="w14 wp14" xmlns:wpc="http://schemas.microsoft.com/office/word/2010/wordprocessingCanvas" xmlns:mc="http://schemas.openxmlformats.org/markup-compatibility/2006" xmlns:o="urn:schemas-microsoft-com:office:office" xmlns:r="http://schemas.openxmlformats.org/officeDocument/2006/relationships" xmlns:m="http://schemas.openxmlformats.org/officeDocument/2006/math" xmlns:v="urn:schemas-microsoft-com:vml" xmlns:wp14="http://schemas.microsoft.com/office/word/2010/wordprocessingDrawing" xmlns:wp="http://schemas.openxmlformats.org/drawingml/2006/wordprocessingDrawing" xmlns:w10="urn:schemas-microsoft-com:office:word" xmlns:w="http://schemas.openxmlformats.org/wordprocessingml/2006/main" xmlns:w14="http://schemas.microsoft.com/office/word/2010/wordml" xmlns:wpg="http://schemas.microsoft.com/office/word/2010/wordprocessingGroup" xmlns:wpi="http://schemas.microsoft.com/office/word/2010/wordprocessingInk" xmlns:wne="http://schemas.microsoft.com/office/word/2006/wordml" xmlns:wps="http://schemas.microsoft.com/office/word/2010/wordprocessingShape"><w:body><w:p w14:paraId="1F35FC58" w14:textId="1F966DF6" w:rsidR="003A6E68" w:rsidRPr="00F77610" w:rsidRDefault="00F77610"><w:pPr><w:jc w:val="center"/><w:rPr><w:rFonts w:ascii="Arial" w:hAnsi="Arial" w:cs="Arial"/><w:b/><w:noProof/><w:lang w:val="hu-HU"/></w:rPr></w:pPr><w:bookmarkStart w:id="0" w:name="_GoBack"/><w:bookmarkEnd w:id="0"/><w:r w:rsidRPr="00F77610"><w:rPr><w:rFonts w:ascii="Arial" w:hAnsi="Arial" w:cs="Arial"/><w:b/><w:noProof/><w:lang w:val="hu-HU"/></w:rPr><w:t>Egér</w:t></w:r></w:p><w:p w14:paraId="751E7835" w14:textId="77777777" w:rsidR="003A6E68" w:rsidRPr="00F77610" w:rsidRDefault="003A6E68"><w:pPr><w:rPr><w:rFonts w:ascii="Arial" w:hAnsi="Arial" w:cs="Arial"/><w:noProof/><w:lang w:val="hu-HU"/></w:rPr></w:pPr></w:p><w:p w14:paraId="093D9CAB" w14:textId="1F83F157" w:rsidR="003A6E68" w:rsidRPr="00F77610" w:rsidRDefault="00F77610"><w:pPr><w:rPr><w:rFonts w:ascii="Arial" w:hAnsi="Arial" w:cs="Arial"/><w:noProof/><w:lang w:val="hu-HU"/></w:rPr></w:pPr><w:r w:rsidRPr="00F77610"><w:rPr><w:rFonts w:ascii="Arial" w:hAnsi="Arial" w:cs="Arial"/><w:noProof/><w:lang w:val="hu-HU"/></w:rPr><w:t>Számos különböző formájú és méretű egér létezik a személyi számítógépekhez. Azonban ezek funkciója ugyanaz: lehetővé tenni a felhasználó számára, hogy az operációs rendszer grafikus felhasználói felületén műveleteket végezzen.</w:t></w:r></w:p><w:sectPr w:rsidR="003A6E68" w:rsidRPr="00F77610"><w:pgSz w:w="12240" w:h="15840"/><w:pgMar w:top="1440" w:right="1800" w:bottom="1440" w:left="1800" w:header="708" w:footer="708" w:gutter="0"/><w:cols w:space="708"/><w:docGrid w:linePitch="360"/></w:sectPr></w:body></w:document></pkg:xmlData></pkg:part><pkg:part pkg:name="/word/theme/theme1.xml" pkg:contentType="application/vnd.openxmlformats-officedocument.theme+xml"><pkg:xmlData><a:theme name="Office Theme" xmlns:a="http://schemas.openxmlformats.org/drawingml/2006/main"><a:themeElements><a:clrScheme name="Office"><a:dk1><a:sysClr val="windowText" lastClr="000000"/></a:dk1><a:lt1><a:sysClr val="window" lastClr="FFFFFF"/></a:lt1><a:dk2><a:srgbClr val="1F497D"/></a:dk2><a:lt2><a:srgbClr val="EEECE1"/></a:lt2><a:accent1><a:srgbClr val="4F81BD"/></a:accent1><a:accent2><a:srgbClr val="C0504D"/></a:accent2><a:accent3><a:srgbClr val="9BBB59"/></a:accent3><a:accent4><a:srgbClr val="8064A2"/></a:accent4><a:accent5><a:srgbClr val="4BACC6"/></a:accent5><a:accent6><a:srgbClr val="F79646"/></a:accent6><a:hlink><a:srgbClr val="0000FF"/></a:hlink><a:folHlink><a:srgbClr val="800080"/></a:folHlink></a:clrScheme><a:fontScheme name="Office"><a:majorFont><a:latin typeface="Cambria"/><a:ea typeface=""/><a:cs typeface=""/><a:font script="Jpan" typeface="ＭＳ ゴシック"/><a:font script="Hang" typeface="맑은 고딕"/><a:font script="Hans" typeface="宋体"/><a:font script="Hant" typeface="新細明體"/><a:font script="Arab" typeface="Times New Roman"/><a:font script="Hebr" typeface="Times New Roman"/><a:font script="Thai" typeface="Angsana New"/><a:font script="Ethi" typeface="Nyala"/><a:font script="Beng" typeface="Vrinda"/><a:font script="Gujr" typeface="Shruti"/><a:font script="Khmr" typeface="MoolBoran"/><a:font script="Knda" typeface="Tunga"/><a:font script="Guru" typeface="Raavi"/><a:font script="Cans" typeface="Euphemia"/><a:font script="Cher" typeface="Plantagenet Cherokee"/><a:font script="Yiii" typeface="Microsoft Yi Baiti"/><a:font script="Tibt" typeface="Microsoft Himalaya"/><a:font script="Thaa" typeface="MV Boli"/><a:font script="Deva" typeface="Mangal"/><a:font script="Telu" typeface="Gautami"/><a:font script="Taml" typeface="Latha"/><a:font script="Syrc" typeface="Estrangelo Edessa"/><a:font script="Orya" typeface="Kalinga"/><a:font script="Mlym" typeface="Kartika"/><a:font script="Laoo" typeface="DokChampa"/><a:font script="Sinh" typeface="Iskoola Pota"/><a:font script="Mong" typeface="Mongolian Baiti"/><a:font script="Viet" typeface="Times New Roman"/><a:font script="Uigh" typeface="Microsoft Uighur"/><a:font script="Geor" typeface="Sylfaen"/></a:majorFont><a:minorFont><a:latin typeface="Calibri"/><a:ea typeface=""/><a:cs typeface=""/><a:font script="Jpan" typeface="ＭＳ 明朝"/><a:font script="Hang" typeface="맑은 고딕"/><a:font script="Hans" typeface="宋体"/><a:font script="Hant" typeface="新細明體"/><a:font script="Arab" typeface="Arial"/><a:font script="Hebr" typeface="Arial"/><a:font script="Thai" typeface="Cordia New"/><a:font script="Ethi" typeface="Nyala"/><a:font script="Beng" typeface="Vrinda"/><a:font script="Gujr" typeface="Shruti"/><a:font script="Khmr" typeface="DaunPenh"/><a:font script="Knda" typeface="Tunga"/><a:font script="Guru" typeface="Raavi"/><a:font script="Cans" typeface="Euphemia"/><a:font script="Cher" typeface="Plantagenet Cherokee"/><a:font script="Yiii" typeface="Microsoft Yi Baiti"/><a:font script="Tibt" typeface="Microsoft Himalaya"/><a:font script="Thaa" typeface="MV Boli"/><a:font script="Deva" typeface="Mangal"/><a:font script="Telu" typeface="Gautami"/><a:font script="Taml" typeface="Latha"/><a:font script="Syrc" typeface="Estrangelo Edessa"/><a:font script="Orya" typeface="Kalinga"/><a:font script="Mlym" typeface="Kartika"/><a:font script="Laoo" typeface="DokChampa"/><a:font script="Sinh" typeface="Iskoola Pota"/><a:font script="Mong" typeface="Mongolian Baiti"/><a:font script="Viet" typeface="Arial"/><a:font script="Uigh" typeface="Microsoft Uighur"/><a:font script="Geor" typeface="Sylfaen"/></a:minorFont></a:fontScheme><a:fmtScheme name="Office"><a:fillStyleLst><a:solidFill><a:schemeClr val="phClr"/></a:solidFill><a:gradFill rotWithShape="1"><a:gsLst><a:gs pos="0"><a:schemeClr val="phClr"><a:tint val="50000"/><a:satMod val="300000"/></a:schemeClr></a:gs><a:gs pos="35000"><a:schemeClr val="phClr"><a:tint val="37000"/><a:satMod val="300000"/></a:schemeClr></a:gs><a:gs pos="100000"><a:schemeClr val="phClr"><a:tint val="15000"/><a:satMod val="350000"/></a:schemeClr></a:gs></a:gsLst><a:lin ang="16200000" scaled="1"/></a:gradFill><a:gradFill rotWithShape="1"><a:gsLst><a:gs pos="0"><a:schemeClr val="phClr"><a:shade val="51000"/><a:satMod val="130000"/></a:schemeClr></a:gs><a:gs pos="80000"><a:schemeClr val="phClr"><a:shade val="93000"/><a:satMod val="130000"/></a:schemeClr></a:gs><a:gs pos="100000"><a:schemeClr val="phClr"><a:shade val="94000"/><a:satMod val="135000"/></a:schemeClr></a:gs></a:gsLst><a:lin ang="16200000" scaled="0"/></a:gradFill></a:fillStyleLst><a:lnStyleLst><a:ln w="9525" cap="flat" cmpd="sng" algn="ctr"><a:solidFill><a:schemeClr val="phClr"><a:shade val="95000"/><a:satMod val="105000"/></a:schemeClr></a:solidFill><a:prstDash val="solid"/></a:ln><a:ln w="25400" cap="flat" cmpd="sng" algn="ctr"><a:solidFill><a:schemeClr val="phClr"/></a:solidFill><a:prstDash val="solid"/></a:ln><a:ln w="38100" cap="flat" cmpd="sng" algn="ctr"><a:solidFill><a:schemeClr val="phClr"/></a:solidFill><a:prstDash val="solid"/></a:ln></a:lnStyleLst><a:effectStyleLst><a:effectStyle><a:effectLst><a:outerShdw blurRad="40000" dist="20000" dir="5400000" rotWithShape="0"><a:srgbClr val="000000"><a:alpha val="38000"/></a:srgbClr></a:outerShdw></a:effectLst></a:effectStyle><a:effectStyle><a:effectLst><a:outerShdw blurRad="40000" dist="23000" dir="5400000" rotWithShape="0"><a:srgbClr val="000000"><a:alpha val="35000"/></a:srgbClr></a:outerShdw></a:effectLst></a:effectStyle><a:effectStyle><a:effectLst><a:outerShdw blurRad="40000" dist="23000" dir="5400000" rotWithShape="0"><a:srgbClr val="000000"><a:alpha val="35000"/></a:srgbClr></a:outerShdw></a:effectLst><a:scene3d><a:camera prst="orthographicFront"><a:rot lat="0" lon="0" rev="0"/></a:camera><a:lightRig rig="threePt" dir="t"><a:rot lat="0" lon="0" rev="1200000"/></a:lightRig></a:scene3d><a:sp3d><a:bevelT w="63500" h="25400"/></a:sp3d></a:effectStyle></a:effectStyleLst><a:bgFillStyleLst><a:solidFill><a:schemeClr val="phClr"/></a:solidFill><a:gradFill rotWithShape="1"><a:gsLst><a:gs pos="0"><a:schemeClr val="phClr"><a:tint val="40000"/><a:satMod val="350000"/></a:schemeClr></a:gs><a:gs pos="40000"><a:schemeClr val="phClr"><a:tint val="45000"/><a:shade val="99000"/><a:satMod val="350000"/></a:schemeClr></a:gs><a:gs pos="100000"><a:schemeClr val="phClr"><a:shade val="20000"/><a:satMod val="255000"/></a:schemeClr></a:gs></a:gsLst><a:path path="circle"><a:fillToRect l="50000" t="-80000" r="50000" b="180000"/></a:path></a:gradFill><a:gradFill rotWithShape="1"><a:gsLst><a:gs pos="0"><a:schemeClr val="phClr"><a:tint val="80000"/><a:satMod val="300000"/></a:schemeClr></a:gs><a:gs pos="100000"><a:schemeClr val="phClr"><a:shade val="30000"/><a:satMod val="200000"/></a:schemeClr></a:gs></a:gsLst><a:path path="circle"><a:fillToRect l="50000" t="50000" r="50000" b="50000"/></a:path></a:gradFill></a:bgFillStyleLst></a:fmtScheme></a:themeElements><a:objectDefaults/><a:extraClrSchemeLst/></a:theme></pkg:xmlData></pkg:part><pkg:part pkg:name="/word/settings.xml" pkg:contentType="application/vnd.openxmlformats-officedocument.wordprocessingml.settings+xml"><pkg:xmlData><w:settings mc:Ignorable="w14" xmlns:mc="http://schemas.openxmlformats.org/markup-compatibility/2006" xmlns:o="urn:schemas-microsoft-com:office:office" xmlns:r="http://schemas.openxmlformats.org/officeDocument/2006/relationships" xmlns:m="http://schemas.openxmlformats.org/officeDocument/2006/math" xmlns:v="urn:schemas-microsoft-com:vml" xmlns:w10="urn:schemas-microsoft-com:office:word" xmlns:w="http://schemas.openxmlformats.org/wordprocessingml/2006/main" xmlns:w14="http://schemas.microsoft.com/office/word/2010/wordml" xmlns:sl="http://schemas.openxmlformats.org/schemaLibrary/2006/main"><w:view w:val="web"/><w:zoom w:percent="200"/><w:doNotDisplayPageBoundaries/><w:proofState w:spelling="clean" w:grammar="clean"/><w:defaultTabStop w:val="720"/><w:hyphenationZone w:val="425"/><w:characterSpacingControl w:val="doNotCompress"/><w:compat><w:useWord2002TableStyleRules/><w:growAutofit/><w:compatSetting w:name="compatibilityMode" w:uri="http://schemas.microsoft.com/office/word" w:val="14"/></w:compat><w:rsids><w:rsidRoot w:val="00A71445"/><w:rsid w:val="003A6E68"/><w:rsid w:val="00A71445"/><w:rsid w:val="00F77610"/></w:rsids><m:mathPr><m:mathFont m:val="Cambria Math"/><m:brkBin m:val="before"/><m:brkBinSub m:val="--"/><m:smallFrac m:val="0"/><m:dispDef/><m:lMargin m:val="0"/><m:rMargin m:val="0"/><m:defJc m:val="centerGroup"/><m:wrapIndent m:val="1440"/><m:intLim m:val="subSup"/><m:naryLim m:val="undOvr"/></m:mathPr><w:themeFontLang w:val="en-IE"/><w:clrSchemeMapping w:bg1="light1" w:t1="dark1" w:bg2="light2" w:t2="dark2" w:accent1="accent1" w:accent2="accent2" w:accent3="accent3" w:accent4="accent4" w:accent5="accent5" w:accent6="accent6" w:hyperlink="hyperlink" w:followedHyperlink="followedHyperlink"/><w:doNotIncludeSubdocsInStats/><w:shapeDefaults><o:shapedefaults v:ext="edit" spidmax="1026"/><o:shapelayout v:ext="edit"><o:idmap v:ext="edit" data="1"/></o:shapelayout></w:shapeDefaults><w:decimalSymbol w:val=","/><w:listSeparator w:val=";"/><w14:docId w14:val="4A0D00D5"/></w:settings></pkg:xmlData></pkg:part><pkg:part pkg:name="/word/webSettings.xml" pkg:contentType="application/vnd.openxmlformats-officedocument.wordprocessingml.webSettings+xml"><pkg:xmlData><w:webSettings mc:Ignorable="w14" xmlns:mc="http://schemas.openxmlformats.org/markup-compatibility/2006" xmlns:r="http://schemas.openxmlformats.org/officeDocument/2006/relationships" xmlns:w="http://schemas.openxmlformats.org/wordprocessingml/2006/main" xmlns:w14="http://schemas.microsoft.com/office/word/2010/wordml"><w:optimizeForBrowser/></w:webSettings></pkg:xmlData></pkg:part><pkg:part pkg:name="/word/stylesWithEffects.xml" pkg:contentType="application/vnd.ms-word.stylesWithEffects+xml"><pkg:xmlData><w:styles mc:Ignorable="w14 wp14" xmlns:wpc="http://schemas.microsoft.com/office/word/2010/wordprocessingCanvas" xmlns:mc="http://schemas.openxmlformats.org/markup-compatibility/2006" xmlns:o="urn:schemas-microsoft-com:office:office" xmlns:r="http://schemas.openxmlformats.org/officeDocument/2006/relationships" xmlns:m="http://schemas.openxmlformats.org/officeDocument/2006/math" xmlns:v="urn:schemas-microsoft-com:vml" xmlns:wp14="http://schemas.microsoft.com/office/word/2010/wordprocessingDrawing" xmlns:wp="http://schemas.openxmlformats.org/drawingml/2006/wordprocessingDrawing" xmlns:w10="urn:schemas-microsoft-com:office:word" xmlns:w="http://schemas.openxmlformats.org/wordprocessingml/2006/main" xmlns:w14="http://schemas.microsoft.com/office/word/2010/wordml" xmlns:wpg="http://schemas.microsoft.com/office/word/2010/wordprocessingGroup" xmlns:wpi="http://schemas.microsoft.com/office/word/2010/wordprocessingInk" xmlns:wne="http://schemas.microsoft.com/office/word/2006/wordml" xmlns:wps="http://schemas.microsoft.com/office/word/2010/wordprocessingShape"><w:docDefaults><w:rPrDefault><w:rPr><w:rFonts w:ascii="Times New Roman" w:eastAsia="Times New Roman" w:hAnsi="Times New Roman" w:cs="Times New Roman"/><w:lang w:val="en-IE" w:eastAsia="en-IE" w:bidi="ar-SA"/></w:rPr></w:rPrDefault><w:pPrDefault/></w:docDefaults><w:latentStyles w:defLockedState="0" w:defUIPriority="0" w:defSemiHidden="0" w:defUnhideWhenUsed="0" w:defQFormat="0" w:count="267"><w:lsdException w:name="Normal" w:qFormat="1"/><w:lsdException w:name="heading 1" w:qFormat="1"/><w:lsdException w:name="heading 2" w:semiHidden="1" w:unhideWhenUsed="1" w:qFormat="1"/><w:lsdException w:name="heading 3" w:semiHidden="1" w:unhideWhenUsed="1" w:qFormat="1"/><w:lsdException w:name="heading 4" w:semiHidden="1" w:unhideWhenUsed="1" w:qFormat="1"/><w:lsdException w:name="heading 5" w:semiHidden="1" w:unhideWhenUsed="1" w:qFormat="1"/><w:lsdException w:name="heading 6" w:semiHidden="1" w:unhideWhenUsed="1" w:qFormat="1"/><w:lsdException w:name="heading 7" w:semiHidden="1" w:unhideWhenUsed="1" w:qFormat="1"/><w:lsdException w:name="heading 8" w:semiHidden="1" w:unhideWhenUsed="1" w:qFormat="1"/><w:lsdException w:name="heading 9" w:semiHidden="1" w:unhideWhenUsed="1" w:qFormat="1"/><w:lsdException w:name="caption" w:semiHidden="1" w:unhideWhenUsed="1" w:qFormat="1"/><w:lsdException w:name="Title" w:qFormat="1"/><w:lsdException w:name="Subtitle" w:qFormat="1"/><w:lsdException w:name="Strong" w:qFormat="1"/><w:lsdException w:name="Emphasis" w:qFormat="1"/><w:lsdException w:name="Placeholder Text" w:semiHidden="1" w:uiPriority="99"/><w:lsdException w:name="No Spacing" w:uiPriority="1" w:qFormat="1"/><w:lsdException w:name="Light Shading" w:uiPriority="60"/><w:lsdException w:name="Light List" w:uiPriority="61"/><w:lsdException w:name="Light Grid" w:uiPriority="62"/><w:lsdException w:name="Medium Shading 1" w:uiPriority="63"/><w:lsdException w:name="Medium Shading 2" w:uiPriority="64"/><w:lsdException w:name="Medium List 1" w:uiPriority="65"/><w:lsdException w:name="Medium List 2" w:uiPriority="66"/><w:lsdException w:name="Medium Grid 1" w:uiPriority="67"/><w:lsdException w:name="Medium Grid 2" w:uiPriority="68"/><w:lsdException w:name="Medium Grid 3" w:uiPriority="69"/><w:lsdException w:name="Dark List" w:uiPriority="70"/><w:lsdException w:name="Colorful Shading" w:uiPriority="71"/><w:lsdException w:name="Colorful List" w:uiPriority="72"/><w:lsdException w:name="Colorful Grid" w:uiPriority="73"/><w:lsdException w:name="Light Shading Accent 1" w:uiPriority="60"/><w:lsdException w:name="Light List Accent 1" w:uiPriority="61"/><w:lsdException w:name="Light Grid Accent 1" w:uiPriority="62"/><w:lsdException w:name="Medium Shading 1 Accent 1" w:uiPriority="63"/><w:lsdException w:name="Medium Shading 2 Accent 1" w:uiPriority="64"/><w:lsdException w:name="Medium List 1 Accent 1" w:uiPriority="65"/><w:lsdException w:name="Revision" w:semiHidden="1" w:uiPriority="99"/><w:lsdException w:name="List Paragraph" w:uiPriority="34" w:qFormat="1"/><w:lsdException w:name="Quote" w:uiPriority="29" w:qFormat="1"/><w:lsdException w:name="Intense Quote" w:uiPriority="30" w:qFormat="1"/><w:lsdException w:name="Medium List 2 Accent 1" w:uiPriority="66"/><w:lsdException w:name="Medium Grid 1 Accent 1" w:uiPriority="67"/><w:lsdException w:name="Medium Grid 2 Accent 1" w:uiPriority="68"/><w:lsdException w:name="Medium Grid 3 Accent 1" w:uiPriority="69"/><w:lsdException w:name="Dark List Accent 1" w:uiPriority="70"/><w:lsdException w:name="Colorful Shading Accent 1" w:uiPriority="71"/><w:lsdException w:name="Colorful List Accent 1" w:uiPriority="72"/><w:lsdException w:name="Colorful Grid Accent 1" w:uiPriority="73"/><w:lsdException w:name="Light Shading Accent 2" w:uiPriority="60"/><w:lsdException w:name="Light List Accent 2" w:uiPriority="61"/><w:lsdException w:name="Light Grid Accent 2" w:uiPriority="62"/><w:lsdException w:name="Medium Shading 1 Accent 2" w:uiPriority="63"/><w:lsdException w:name="Medium Shading 2 Accent 2" w:uiPriority="64"/><w:lsdException w:name="Medium List 1 Accent 2" w:uiPriority="65"/><w:lsdException w:name="Medium List 2 Accent 2" w:uiPriority="66"/><w:lsdException w:name="Medium Grid 1 Accent 2" w:uiPriority="67"/><w:lsdException w:name="Medium Grid 2 Accent 2" w:uiPriority="68"/><w:lsdException w:name="Medium Grid 3 Accent 2" w:uiPriority="69"/><w:lsdException w:name="Dark List Accent 2" w:uiPriority="70"/><w:lsdException w:name="Colorful Shading Accent 2" w:uiPriority="71"/><w:lsdException w:name="Colorful List Accent 2" w:uiPriority="72"/><w:lsdException w:name="Colorful Grid Accent 2" w:uiPriority="73"/><w:lsdException w:name="Light Shading Accent 3" w:uiPriority="60"/><w:lsdException w:name="Light List Accent 3" w:uiPriority="61"/><w:lsdException w:name="Light Grid Accent 3" w:uiPriority="62"/><w:lsdException w:name="Medium Shading 1 Accent 3" w:uiPriority="63"/><w:lsdException w:name="Medium Shading 2 Accent 3" w:uiPriority="64"/><w:lsdException w:name="Medium List 1 Accent 3" w:uiPriority="65"/><w:lsdException w:name="Medium List 2 Accent 3" w:uiPriority="66"/><w:lsdException w:name="Medium Grid 1 Accent 3" w:uiPriority="67"/><w:lsdException w:name="Medium Grid 2 Accent 3" w:uiPriority="68"/><w:lsdException w:name="Medium Grid 3 Accent 3" w:uiPriority="69"/><w:lsdException w:name="Dark List Accent 3" w:uiPriority="70"/><w:lsdException w:name="Colorful Shading Accent 3" w:uiPriority="71"/><w:lsdException w:name="Colorful List Accent 3" w:uiPriority="72"/><w:lsdException w:name="Colorful Grid Accent 3" w:uiPriority="73"/><w:lsdException w:name="Light Shading Accent 4" w:uiPriority="60"/><w:lsdException w:name="Light List Accent 4" w:uiPriority="61"/><w:lsdException w:name="Light Grid Accent 4" w:uiPriority="62"/><w:lsdException w:name="Medium Shading 1 Accent 4" w:uiPriority="63"/><w:lsdException w:name="Medium Shading 2 Accent 4" w:uiPriority="64"/><w:lsdException w:name="Medium List 1 Accent 4" w:uiPriority="65"/><w:lsdException w:name="Medium List 2 Accent 4" w:uiPriority="66"/><w:lsdException w:name="Medium Grid 1 Accent 4" w:uiPriority="67"/><w:lsdException w:name="Medium Grid 2 Accent 4" w:uiPriority="68"/><w:lsdException w:name="Medium Grid 3 Accent 4" w:uiPriority="69"/><w:lsdException w:name="Dark List Accent 4" w:uiPriority="70"/><w:lsdException w:name="Colorful Shading Accent 4" w:uiPriority="71"/><w:lsdException w:name="Colorful List Accent 4" w:uiPriority="72"/><w:lsdException w:name="Colorful Grid Accent 4" w:uiPriority="73"/><w:lsdException w:name="Light Shading Accent 5" w:uiPriority="60"/><w:lsdException w:name="Light List Accent 5" w:uiPriority="61"/><w:lsdException w:name="Light Grid Accent 5" w:uiPriority="62"/><w:lsdException w:name="Medium Shading 1 Accent 5" w:uiPriority="63"/><w:lsdException w:name="Medium Shading 2 Accent 5" w:uiPriority="64"/><w:lsdException w:name="Medium List 1 Accent 5" w:uiPriority="65"/><w:lsdException w:name="Medium List 2 Accent 5" w:uiPriority="66"/><w:lsdException w:name="Medium Grid 1 Accent 5" w:uiPriority="67"/><w:lsdException w:name="Medium Grid 2 Accent 5" w:uiPriority="68"/><w:lsdException w:name="Medium Grid 3 Accent 5" w:uiPriority="69"/><w:lsdException w:name="Dark List Accent 5" w:uiPriority="70"/><w:lsdException w:name="Colorful Shading Accent 5" w:uiPriority="71"/><w:lsdException w:name="Colorful List Accent 5" w:uiPriority="72"/><w:lsdException w:name="Colorful Grid Accent 5" w:uiPriority="73"/><w:lsdException w:name="Light Shading Accent 6" w:uiPriority="60"/><w:lsdException w:name="Light List Accent 6" w:uiPriority="61"/><w:lsdException w:name="Light Grid Accent 6" w:uiPriority="62"/><w:lsdException w:name="Medium Shading 1 Accent 6" w:uiPriority="63"/><w:lsdException w:name="Medium Shading 2 Accent 6" w:uiPriority="64"/><w:lsdException w:name="Medium List 1 Accent 6" w:uiPriority="65"/><w:lsdException w:name="Medium List 2 Accent 6" w:uiPriority="66"/><w:lsdException w:name="Medium Grid 1 Accent 6" w:uiPriority="67"/><w:lsdException w:name="Medium Grid 2 Accent 6" w:uiPriority="68"/><w:lsdException w:name="Medium Grid 3 Accent 6" w:uiPriority="69"/><w:lsdException w:name="Dark List Accent 6" w:uiPriority="70"/><w:lsdException w:name="Colorful Shading Accent 6" w:uiPriority="71"/><w:lsdException w:name="Colorful List Accent 6" w:uiPriority="72"/><w:lsdException w:name="Colorful Grid Accent 6" w:uiPriority="73"/><w:lsdException w:name="Subtle Emphasis" w:uiPriority="19" w:qFormat="1"/><w:lsdException w:name="Intense Emphasis" w:uiPriority="21" w:qFormat="1"/><w:lsdException w:name="Subtle Reference" w:uiPriority="31" w:qFormat="1"/><w:lsdException w:name="Intense Reference" w:uiPriority="32" w:qFormat="1"/><w:lsdException w:name="Book Title" w:uiPriority="33" w:qFormat="1"/><w:lsdException w:name="Bibliography" w:semiHidden="1" w:uiPriority="37" w:unhideWhenUsed="1"/><w:lsdException w:name="TOC Heading" w:semiHidden="1" w:uiPriority="39" w:unhideWhenUsed="1" w:qFormat="1"/></w:latentStyles><w:style w:type="paragraph" w:default="1" w:styleId="Norml"><w:name w:val="Normal"/><w:qFormat/><w:rPr><w:sz w:val="24"/><w:szCs w:val="24"/></w:rPr></w:style><w:style w:type="character" w:default="1" w:styleId="Bekezdsalapbettpusa"><w:name w:val="Default Paragraph Font"/><w:uiPriority w:val="1"/><w:semiHidden/><w:unhideWhenUsed/></w:style><w:style w:type="table" w:default="1" w:styleId="Normltblzat"><w:name w:val="Normal Table"/><w:uiPriority w:val="99"/><w:semiHidden/><w:unhideWhenUsed/><w:tblPr><w:tblInd w:w="0" w:type="dxa"/><w:tblCellMar><w:top w:w="0" w:type="dxa"/><w:left w:w="108" w:type="dxa"/><w:bottom w:w="0" w:type="dxa"/><w:right w:w="108" w:type="dxa"/></w:tblCellMar></w:tblPr></w:style><w:style w:type="numbering" w:default="1" w:styleId="Nemlista"><w:name w:val="No List"/><w:uiPriority w:val="99"/><w:semiHidden/><w:unhideWhenUsed/></w:style></w:styles></pkg:xmlData></pkg:part><pkg:part pkg:name="/docProps/core.xml" pkg:contentType="application/vnd.openxmlformats-package.core-properties+xml" pkg:padding="256"><pkg:xmlData><cp:coreProperties xmlns:cp="http://schemas.openxmlformats.org/package/2006/metadata/core-properties" xmlns:dc="http://purl.org/dc/elements/1.1/" xmlns:dcterms="http://purl.org/dc/terms/" xmlns:dcmitype="http://purl.org/dc/dcmitype/" xmlns:xsi="http://www.w3.org/2001/XMLSchema-instance"><dc:title>Mouse</dc:title><dc:creator>Hello Dympna</dc:creator><cp:lastModifiedBy>Hajagos Szilárd</cp:lastModifiedBy><cp:revision>3</cp:revision><dcterms:created xsi:type="dcterms:W3CDTF">2007-09-17T08:48:00Z</dcterms:created><dcterms:modified xsi:type="dcterms:W3CDTF">2013-01-10T09:17:00Z</dcterms:modified></cp:coreProperties></pkg:xmlData></pkg:part><pkg:part pkg:name="/word/styles.xml" pkg:contentType="application/vnd.openxmlformats-officedocument.wordprocessingml.styles+xml"><pkg:xmlData><w:styles mc:Ignorable="w14" xmlns:mc="http://schemas.openxmlformats.org/markup-compatibility/2006" xmlns:r="http://schemas.openxmlformats.org/officeDocument/2006/relationships" xmlns:w="http://schemas.openxmlformats.org/wordprocessingml/2006/main" xmlns:w14="http://schemas.microsoft.com/office/word/2010/wordml"><w:docDefaults><w:rPrDefault><w:rPr><w:rFonts w:ascii="Times New Roman" w:eastAsia="Times New Roman" w:hAnsi="Times New Roman" w:cs="Times New Roman"/><w:lang w:val="en-IE" w:eastAsia="en-IE" w:bidi="ar-SA"/></w:rPr></w:rPrDefault><w:pPrDefault/></w:docDefaults><w:latentStyles w:defLockedState="0" w:defUIPriority="0" w:defSemiHidden="0" w:defUnhideWhenUsed="0" w:defQFormat="0" w:count="267"><w:lsdException w:name="Normal" w:qFormat="1"/><w:lsdException w:name="heading 1" w:qFormat="1"/><w:lsdException w:name="heading 2" w:semiHidden="1" w:unhideWhenUsed="1" w:qFormat="1"/><w:lsdException w:name="heading 3" w:semiHidden="1" w:unhideWhenUsed="1" w:qFormat="1"/><w:lsdException w:name="heading 4" w:semiHidden="1" w:unhideWhenUsed="1" w:qFormat="1"/><w:lsdException w:name="heading 5" w:semiHidden="1" w:unhideWhenUsed="1" w:qFormat="1"/><w:lsdException w:name="heading 6" w:semiHidden="1" w:unhideWhenUsed="1" w:qFormat="1"/><w:lsdException w:name="heading 7" w:semiHidden="1" w:unhideWhenUsed="1" w:qFormat="1"/><w:lsdException w:name="heading 8" w:semiHidden="1" w:unhideWhenUsed="1" w:qFormat="1"/><w:lsdException w:name="heading 9" w:semiHidden="1" w:unhideWhenUsed="1" w:qFormat="1"/><w:lsdException w:name="caption" w:semiHidden="1" w:unhideWhenUsed="1" w:qFormat="1"/><w:lsdException w:name="Title" w:qFormat="1"/><w:lsdException w:name="Subtitle" w:qFormat="1"/><w:lsdException w:name="Strong" w:qFormat="1"/><w:lsdException w:name="Emphasis" w:qFormat="1"/><w:lsdException w:name="Placeholder Text" w:semiHidden="1" w:uiPriority="99"/><w:lsdException w:name="No Spacing" w:uiPriority="1" w:qFormat="1"/><w:lsdException w:name="Light Shading" w:uiPriority="60"/><w:lsdException w:name="Light List" w:uiPriority="61"/><w:lsdException w:name="Light Grid" w:uiPriority="62"/><w:lsdException w:name="Medium Shading 1" w:uiPriority="63"/><w:lsdException w:name="Medium Shading 2" w:uiPriority="64"/><w:lsdException w:name="Medium List 1" w:uiPriority="65"/><w:lsdException w:name="Medium List 2" w:uiPriority="66"/><w:lsdException w:name="Medium Grid 1" w:uiPriority="67"/><w:lsdException w:name="Medium Grid 2" w:uiPriority="68"/><w:lsdException w:name="Medium Grid 3" w:uiPriority="69"/><w:lsdException w:name="Dark List" w:uiPriority="70"/><w:lsdException w:name="Colorful Shading" w:uiPriority="71"/><w:lsdException w:name="Colorful List" w:uiPriority="72"/><w:lsdException w:name="Colorful Grid" w:uiPriority="73"/><w:lsdException w:name="Light Shading Accent 1" w:uiPriority="60"/><w:lsdException w:name="Light List Accent 1" w:uiPriority="61"/><w:lsdException w:name="Light Grid Accent 1" w:uiPriority="62"/><w:lsdException w:name="Medium Shading 1 Accent 1" w:uiPriority="63"/><w:lsdException w:name="Medium Shading 2 Accent 1" w:uiPriority="64"/><w:lsdException w:name="Medium List 1 Accent 1" w:uiPriority="65"/><w:lsdException w:name="Revision" w:semiHidden="1" w:uiPriority="99"/><w:lsdException w:name="List Paragraph" w:uiPriority="34" w:qFormat="1"/><w:lsdException w:name="Quote" w:uiPriority="29" w:qFormat="1"/><w:lsdException w:name="Intense Quote" w:uiPriority="30" w:qFormat="1"/><w:lsdException w:name="Medium List 2 Accent 1" w:uiPriority="66"/><w:lsdException w:name="Medium Grid 1 Accent 1" w:uiPriority="67"/><w:lsdException w:name="Medium Grid 2 Accent 1" w:uiPriority="68"/><w:lsdException w:name="Medium Grid 3 Accent 1" w:uiPriority="69"/><w:lsdException w:name="Dark List Accent 1" w:uiPriority="70"/><w:lsdException w:name="Colorful Shading Accent 1" w:uiPriority="71"/><w:lsdException w:name="Colorful List Accent 1" w:uiPriority="72"/><w:lsdException w:name="Colorful Grid Accent 1" w:uiPriority="73"/><w:lsdException w:name="Light Shading Accent 2" w:uiPriority="60"/><w:lsdException w:name="Light List Accent 2" w:uiPriority="61"/><w:lsdException w:name="Light Grid Accent 2" w:uiPriority="62"/><w:lsdException w:name="Medium Shading 1 Accent 2" w:uiPriority="63"/><w:lsdException w:name="Medium Shading 2 Accent 2" w:uiPriority="64"/><w:lsdException w:name="Medium List 1 Accent 2" w:uiPriority="65"/><w:lsdException w:name="Medium List 2 Accent 2" w:uiPriority="66"/><w:lsdException w:name="Medium Grid 1 Accent 2" w:uiPriority="67"/><w:lsdException w:name="Medium Grid 2 Accent 2" w:uiPriority="68"/><w:lsdException w:name="Medium Grid 3 Accent 2" w:uiPriority="69"/><w:lsdException w:name="Dark List Accent 2" w:uiPriority="70"/><w:lsdException w:name="Colorful Shading Accent 2" w:uiPriority="71"/><w:lsdException w:name="Colorful List Accent 2" w:uiPriority="72"/><w:lsdException w:name="Colorful Grid Accent 2" w:uiPriority="73"/><w:lsdException w:name="Light Shading Accent 3" w:uiPriority="60"/><w:lsdException w:name="Light List Accent 3" w:uiPriority="61"/><w:lsdException w:name="Light Grid Accent 3" w:uiPriority="62"/><w:lsdException w:name="Medium Shading 1 Accent 3" w:uiPriority="63"/><w:lsdException w:name="Medium Shading 2 Accent 3" w:uiPriority="64"/><w:lsdException w:name="Medium List 1 Accent 3" w:uiPriority="65"/><w:lsdException w:name="Medium List 2 Accent 3" w:uiPriority="66"/><w:lsdException w:name="Medium Grid 1 Accent 3" w:uiPriority="67"/><w:lsdException w:name="Medium Grid 2 Accent 3" w:uiPriority="68"/><w:lsdException w:name="Medium Grid 3 Accent 3" w:uiPriority="69"/><w:lsdException w:name="Dark List Accent 3" w:uiPriority="70"/><w:lsdException w:name="Colorful Shading Accent 3" w:uiPriority="71"/><w:lsdException w:name="Colorful List Accent 3" w:uiPriority="72"/><w:lsdException w:name="Colorful Grid Accent 3" w:uiPriority="73"/><w:lsdException w:name="Light Shading Accent 4" w:uiPriority="60"/><w:lsdException w:name="Light List Accent 4" w:uiPriority="61"/><w:lsdException w:name="Light Grid Accent 4" w:uiPriority="62"/><w:lsdException w:name="Medium Shading 1 Accent 4" w:uiPriority="63"/><w:lsdException w:name="Medium Shading 2 Accent 4" w:uiPriority="64"/><w:lsdException w:name="Medium List 1 Accent 4" w:uiPriority="65"/><w:lsdException w:name="Medium List 2 Accent 4" w:uiPriority="66"/><w:lsdException w:name="Medium Grid 1 Accent 4" w:uiPriority="67"/><w:lsdException w:name="Medium Grid 2 Accent 4" w:uiPriority="68"/><w:lsdException w:name="Medium Grid 3 Accent 4" w:uiPriority="69"/><w:lsdException w:name="Dark List Accent 4" w:uiPriority="70"/><w:lsdException w:name="Colorful Shading Accent 4" w:uiPriority="71"/><w:lsdException w:name="Colorful List Accent 4" w:uiPriority="72"/><w:lsdException w:name="Colorful Grid Accent 4" w:uiPriority="73"/><w:lsdException w:name="Light Shading Accent 5" w:uiPriority="60"/><w:lsdException w:name="Light List Accent 5" w:uiPriority="61"/><w:lsdException w:name="Light Grid Accent 5" w:uiPriority="62"/><w:lsdException w:name="Medium Shading 1 Accent 5" w:uiPriority="63"/><w:lsdException w:name="Medium Shading 2 Accent 5" w:uiPriority="64"/><w:lsdException w:name="Medium List 1 Accent 5" w:uiPriority="65"/><w:lsdException w:name="Medium List 2 Accent 5" w:uiPriority="66"/><w:lsdException w:name="Medium Grid 1 Accent 5" w:uiPriority="67"/><w:lsdException w:name="Medium Grid 2 Accent 5" w:uiPriority="68"/><w:lsdException w:name="Medium Grid 3 Accent 5" w:uiPriority="69"/><w:lsdException w:name="Dark List Accent 5" w:uiPriority="70"/><w:lsdException w:name="Colorful Shading Accent 5" w:uiPriority="71"/><w:lsdException w:name="Colorful List Accent 5" w:uiPriority="72"/><w:lsdException w:name="Colorful Grid Accent 5" w:uiPriority="73"/><w:lsdException w:name="Light Shading Accent 6" w:uiPriority="60"/><w:lsdException w:name="Light List Accent 6" w:uiPriority="61"/><w:lsdException w:name="Light Grid Accent 6" w:uiPriority="62"/><w:lsdException w:name="Medium Shading 1 Accent 6" w:uiPriority="63"/><w:lsdException w:name="Medium Shading 2 Accent 6" w:uiPriority="64"/><w:lsdException w:name="Medium List 1 Accent 6" w:uiPriority="65"/><w:lsdException w:name="Medium List 2 Accent 6" w:uiPriority="66"/><w:lsdException w:name="Medium Grid 1 Accent 6" w:uiPriority="67"/><w:lsdException w:name="Medium Grid 2 Accent 6" w:uiPriority="68"/><w:lsdException w:name="Medium Grid 3 Accent 6" w:uiPriority="69"/><w:lsdException w:name="Dark List Accent 6" w:uiPriority="70"/><w:lsdException w:name="Colorful Shading Accent 6" w:uiPriority="71"/><w:lsdException w:name="Colorful List Accent 6" w:uiPriority="72"/><w:lsdException w:name="Colorful Grid Accent 6" w:uiPriority="73"/><w:lsdException w:name="Subtle Emphasis" w:uiPriority="19" w:qFormat="1"/><w:lsdException w:name="Intense Emphasis" w:uiPriority="21" w:qFormat="1"/><w:lsdException w:name="Subtle Reference" w:uiPriority="31" w:qFormat="1"/><w:lsdException w:name="Intense Reference" w:uiPriority="32" w:qFormat="1"/><w:lsdException w:name="Book Title" w:uiPriority="33" w:qFormat="1"/><w:lsdException w:name="Bibliography" w:semiHidden="1" w:uiPriority="37" w:unhideWhenUsed="1"/><w:lsdException w:name="TOC Heading" w:semiHidden="1" w:uiPriority="39" w:unhideWhenUsed="1" w:qFormat="1"/></w:latentStyles><w:style w:type="paragraph" w:default="1" w:styleId="Norml"><w:name w:val="Normal"/><w:qFormat/><w:rPr><w:sz w:val="24"/><w:szCs w:val="24"/></w:rPr></w:style><w:style w:type="character" w:default="1" w:styleId="Bekezdsalapbettpusa"><w:name w:val="Default Paragraph Font"/><w:uiPriority w:val="1"/><w:semiHidden/><w:unhideWhenUsed/></w:style><w:style w:type="table" w:default="1" w:styleId="Normltblzat"><w:name w:val="Normal Table"/><w:uiPriority w:val="99"/><w:semiHidden/><w:unhideWhenUsed/><w:tblPr><w:tblInd w:w="0" w:type="dxa"/><w:tblCellMar><w:top w:w="0" w:type="dxa"/><w:left w:w="108" w:type="dxa"/><w:bottom w:w="0" w:type="dxa"/><w:right w:w="108" w:type="dxa"/></w:tblCellMar></w:tblPr></w:style><w:style w:type="numbering" w:default="1" w:styleId="Nemlista"><w:name w:val="No List"/><w:uiPriority w:val="99"/><w:semiHidden/><w:unhideWhenUsed/></w:style></w:styles></pkg:xmlData></pkg:part><pkg:part pkg:name="/word/fontTable.xml" pkg:contentType="application/vnd.openxmlformats-officedocument.wordprocessingml.fontTable+xml"><pkg:xmlData><w:fonts mc:Ignorable="w14" xmlns:mc="http://schemas.openxmlformats.org/markup-compatibility/2006" xmlns:r="http://schemas.openxmlformats.org/officeDocument/2006/relationships" xmlns:w="http://schemas.openxmlformats.org/wordprocessingml/2006/main" xmlns:w14="http://schemas.microsoft.com/office/word/2010/wordml"><w:font w:name="Times New Roman"><w:panose1 w:val="02020603050405020304"/><w:charset w:val="EE"/><w:family w:val="roman"/><w:pitch w:val="variable"/><w:sig w:usb0="E0002AFF" w:usb1="C0007841" w:usb2="00000009" w:usb3="00000000" w:csb0="000001FF" w:csb1="00000000"/></w:font><w:font w:name="Arial"><w:panose1 w:val="020B0604020202020204"/><w:charset w:val="EE"/><w:family w:val="swiss"/><w:pitch w:val="variable"/><w:sig w:usb0="E0002AFF" w:usb1="C0007843" w:usb2="00000009" w:usb3="00000000" w:csb0="000001FF" w:csb1="00000000"/></w:font><w:font w:name="Cambria"><w:panose1 w:val="02040503050406030204"/><w:charset w:val="EE"/><w:family w:val="roman"/><w:pitch w:val="variable"/><w:sig w:usb0="E00002FF" w:usb1="400004FF" w:usb2="00000000" w:usb3="00000000" w:csb0="0000019F" w:csb1="00000000"/></w:font><w:font w:name="Calibri"><w:panose1 w:val="020F0502020204030204"/><w:charset w:val="EE"/><w:family w:val="swiss"/><w:pitch w:val="variable"/><w:sig w:usb0="E00002FF" w:usb1="4000ACFF" w:usb2="00000001" w:usb3="00000000" w:csb0="0000019F" w:csb1="00000000"/></w:font></w:fonts></pkg:xmlData></pkg:part><pkg:part pkg:name="/docProps/app.xml" pkg:contentType="application/vnd.openxmlformats-officedocument.extended-properties+xml" pkg:padding="256"><pkg:xmlData><Properties xmlns="http://schemas.openxmlformats.org/officeDocument/2006/extended-properties" xmlns:vt="http://schemas.openxmlformats.org/officeDocument/2006/docPropsVTypes"><Template>Normal.dotm</Template><TotalTime>7</TotalTime><Pages>1</Pages><Words>29</Words><Characters>204</Characters><Application>Microsoft Office Word</Application><DocSecurity>0</DocSecurity><Lines>1</Lines><Paragraphs>1</Paragraphs><ScaleCrop>false</ScaleCrop><HeadingPairs><vt:vector size="2" baseType="variant"><vt:variant><vt:lpstr>Title</vt:lpstr></vt:variant><vt:variant><vt:i4>1</vt:i4></vt:variant></vt:vector></HeadingPairs><TitlesOfParts><vt:vector size="1" baseType="lpstr"><vt:lpstr>Mouse</vt:lpstr></vt:vector></TitlesOfParts><Company>ECDL Foundation</Company><LinksUpToDate>false</LinksUpToDate><CharactersWithSpaces>232</CharactersWithSpaces><SharedDoc>false</SharedDoc><HyperlinksChanged>false</HyperlinksChanged><AppVersion>14.0000</AppVersion></Properties></pkg:xmlData></pkg:part></pkg:package>